entrez_id,gene_name,confidence,label
11754,Aoc3,3,HC
76507,Aoc1,-1,LC
237940,Aoc2,0,NC
13081,Cyp24a1,3,HC
13115,Cyp27b1,-1,LC
231691,Sds,1,MC
20887,Sult1a1,3,HC
217593,Slc25a21,0,NC
106557,Ldhal6b,-1,LC
16833,Ldhc,-1,LC
54122,Uevld,3,HC
16832,Ldhb,3,HC
16828,Ldha,0,NC
80879,Slc16a3,3,HC
20503,Slc16a7,3,HC
20501,Slc16a1,3,HC
232156,Slc4a5,0,NC
54403,Slc4a4,3,HC
18293,Ogdh,3,HC
13382,Dld,3,HC
27402,Pdhx,3,HC
78920,Dlst,3,HC
100417514,Adh6b,0,NC
26876,Adh4,1,MC
11522,Adh1,3,HC
11529,Adh7,3,HC
11532,Adh5,3,HC
76187,Adhfe1,3,HC
12846,Comt,3,HC
72472,Slc16a10,3,HC
11670,Aldh3a1,3,HC
73458,Aldh3b3,0,NC
621603,Aldh3b2,3,HC
56847,Aldh1a3,3,HC
67689,Aldh3b1,3,HC
15445,Hpd,-1,LC
268860,Abat,3,HC
70750,Kdsr,0,NC
107766,Haao,3,HC
52430,Echdc2,3,HC
23923,Aadat,-1,LC
70266,Kyat1,3,HC
13195,Ddc,-1,LC
17161,Maoa,3,HC
109731,Maob,3,HC
50799,Slc25a13,-1,LC
78830,Slc25a12,3,HC
246277,Csad,3,HC
14415,Gad1,-1,LC
14417,Gad2,-1,LC
14718,Got1,3,HC
14719,Got2,0,NC
212647,Aldh4a1,3,HC
17250,Abcc1,3,HC
20859,Sult2a1,0,NC
629219,Sult2a6,0,NC
434264,Sult2a5,0,NC
629203,Sult2a3,0,NC
434121,Sult2a4,0,NC
20509,Slc19a1,3,HC
11761,Aox1,3,HC
110877,Slc18a1,3,HC
214084,Slc18a2,3,HC
14275,Folr1,-1,LC
14276,Folr2,3,HC
17159,Man2b1,3,HC
239559,A4galt,3,HC
333424,A4gnt,0,NC
80908,Abo,-1,LC
215335,Slc36a1,0,NC
232333,Slc6a1,3,HC
243616,Slc6a11,-1,LC
14412,Slc6a13,-1,LC
14411,Slc6a12,-1,LC
110446,Acat1,3,HC
231086,Hadhb,3,HC
52538,Acaa2,3,HC
97212,Hadha,3,HC
224530,Acat3,0,NC
110460,Acat2,3,HC
235674,Acaa1b,3,HC
100705,Acacb,0,NC
11416,Slc33a1,3,HC
68738,Acss1,3,HC
380660,Acss3,0,NC
54342,Gnpnat1,3,HC
56174,Nagk,3,HC
109785,Pgm3,3,HC
327942,Pigl,0,NC
217214,Nags,1,MC
11423,Ache,3,HC
20508,Slc18a3,-1,LC
104112,Acly,3,HC
94181,Nans,3,HC
235504,Slc17a5,3,HC
67311,Nanp,0,NC
11433,Acp5,3,HC
66659,Acp6,3,HC
66885,Acadsb,3,HC
11364,Acadm,3,HC
11409,Acads,3,HC
102632,Acad11,3,HC
66948,Acad8,3,HC
229211,Acad9,3,HC
56357,Ivd,3,HC
74156,Acot12,-1,LC
11430,Acox1,3,HC
109652,Acy1,3,HC
11429,Aco2,3,HC
11428,Aco1,3,HC
93732,Acox2,-1,LC
11431,Acp1,3,HC
56318,Acpp,-1,LC
57279,Slc25a20,3,HC
60525,Acss2,3,HC
78894,Aacs,3,HC
107626,Asmt,0,NC
13106,Cyp2e1,3,HC
11486,Ada,1,MC
13340,Slc29a2,3,HC
11639,Ak4,3,HC
11637,Ak2,3,HC
229949,Ak5,-1,LC
56248,Ak3,3,HC
11702,Amd1,0,NC
100041585,Amd2,0,NC
11512,Adcy6,3,HC
271639,Adcy10,-1,LC
104111,Adcy3,-1,LC
11514,Adcy8,-1,LC
210044,Adcy2,3,HC
11513,Adcy7,3,HC
432530,Adcy1,-1,LC
104110,Adcy4,3,HC
11515,Adcy9,3,HC
224129,Adcy5,3,HC
63959,Slc29a1,3,HC
434203,Slc28a1,0,NC
114304,Slc28a3,3,HC
269346,Slc28a2,0,NC
71279,Slc29a3,3,HC
53893,Nudt5,3,HC
12494,Cd38,3,HC
12895,Cpt1b,3,HC
78070,Cpt1c,3,HC
12894,Cpt1a,3,HC
12896,Cpt2,3,HC
23972,Papss2,3,HC
23971,Papss1,3,HC
11564,Adsl,3,HC
231727,B3gnt4,-1,LC
53625,B3gnt2,3,HC
108902,B4gat1,3,HC
210004,B3gntl1,1,MC
232984,B3gnt8,-1,LC
227327,B3gnt7,-1,LC
72297,B3gnt3,3,HC
75986,Agmat,3,HC
67512,Agpat2,0,NC
102247,Gpat4,3,HC
68262,Agpat4,3,HC
28169,Agpat3,3,HC
52123,Agpat5,3,HC
55979,Agpat1,3,HC
67216,Mboat2,3,HC
268782,Agxt2,0,NC
71760,Etnppl,-1,LC
11611,Agxt,-1,LC
15211,Hexa,3,HC
15212,Hexb,3,HC
67054,Paics,3,HC
67863,Slc25a11,3,HC
27376,Slc25a10,3,HC
114644,Slc13a3,3,HC
77337,Akr1c21,-1,LC
83702,Akr1c6,-1,LC
208665,Akr1d1,-1,LC
20514,Slc1a5,3,HC
55963,Slc1a4,3,HC
53896,Slc7a10,3,HC
17254,Slc3a2,3,HC
11656,Alas2,3,HC
26912,Gcat,3,HC
11655,Alas1,3,HC
67760,Slc38a2,3,HC
11988,Slc7a2,3,HC
56774,Slc6a14,-1,LC
11987,Slc7a1,3,HC
105727,Slc38a1,-1,LC
69354,Slc38a4,3,HC
11989,Slc7a3,-1,LC
74338,Slc6a19,3,HC
57394,Cltrn,-1,LC
70008,Ace2,3,HC
76282,Gpt,3,HC
108682,Gpt2,3,HC
209837,Slc38a5,-1,LC
76257,Slc38a3,3,HC
225791,Zadh2,3,HC
58810,Akr1a1,3,HC
11668,Aldh1a1,3,HC
19378,Aldh1a2,3,HC
110695,Aldh7a1,3,HC
56752,Aldh9a1,3,HC
11671,Aldh3a2,3,HC
72535,Aldh1b1,-1,LC
11669,Aldh2,3,HC
11684,Alox12,3,HC
11688,Alox8,1,MC
11687,Alox15,-1,LC
11689,Alox5,3,HC
110198,Akr7a5,3,HC
11677,Akr1b3,0,NC
17117,Amacr,3,HC
67582,Slc25a26,3,HC
109674,Ampd2,3,HC
229665,Ampd1,3,HC
11717,Ampd3,3,HC
16790,Anpep,3,HC
109959,Amy2a5,0,NC
100043688,Amy2a2,0,NC
100043684,Amy2a4,0,NC
100043686,Amy2a3,0,NC
11722,Amy1,3,HC
20532,Slc3a1,-1,LC
30962,Slc7a9,-1,LC
26459,Slc27a5,-1,LC
242669,Azin2,-1,LC
330836,Slc7a6,3,HC
11847,Arg2,-1,LC
11898,Ass1,0,NC
83885,Slc25a2,-1,LC
18408,Slc25a15,3,HC
11883,Arsa,3,HC
11886,Asah1,3,HC
54338,Slc23a2,3,HC
20522,Slc23a1,-1,LC
66514,Asrgl1,3,HC
27053,Asns,3,HC
69719,Cad,3,HC
20513,Slc1a6,3,HC
20510,Slc1a1,3,HC
20512,Slc1a3,3,HC
20511,Slc1a2,-1,LC
242607,Slc1a7,3,HC
12496,Entpd2,3,HC
12495,Entpd1,3,HC
215446,Entpd3,-1,LC
12497,Entpd6,3,HC
12499,Entpd5,3,HC
72090,Entpd8,-1,LC
11739,Slc25a4,3,HC
11740,Slc25a5,3,HC
73333,Slc25a31,-1,LC
110173,Manba,3,HC
26879,B3galnt1,3,HC
54218,B3galt4,3,HC
93961,B3galt5,-1,LC
108105,B3gnt5,-1,LC
12012,Baat,3,HC
110948,Hlcs,3,HC
22348,Slc32a1,-1,LC
170442,Bbox1,-1,LC
63857,Bco1,-1,LC
71911,Bdh1,3,HC
64918,Bhmt2,-1,LC
12116,Bhmt,1,MC
101488,Slco2b1,3,HC
12780,Abcc2,-1,LC
76408,Abcc3,3,HC
28253,Slco1b2,-1,LC
233016,Blvrb,3,HC
109778,Blvra,3,HC
55981,Pigb,3,HC
23827,Bpnt1,3,HC
26363,Btd,3,HC
330064,Slc5a6,3,HC
80721,Slc19a3,-1,LC
103149,Upb1,3,HC
73166,Tm7sf2,3,HC
18194,Nsdhl,3,HC
15488,Hsd17b4,3,HC
66234,Msmo1,3,HC
320707,Atp2b3,0,NC
11941,Atp2b2,-1,LC
67972,Atp2b1,3,HC
381290,Atp2b4,0,NC
12359,Cat,3,HC
110893,Slc8a3,3,HC
20541,Slc8a1,3,HC
110891,Slc8a2,-1,LC
109136,Mmaa,3,HC
14377,G6pc,-1,LC
14378,G6pc2,-1,LC
68401,G6pc3,3,HC
227231,Cps1,0,NC
12408,Cbr1,3,HC
52858,Cdipt,3,HC
74596,Cds1,3,HC
110911,Cds2,3,HC
99712,Cept1,3,HC
212862,Chpt1,3,HC
223753,Cerk,3,HC
68018,Col4a3bp,3,HC
57738,Slc15a2,3,HC
12642,Ch25h,-1,LC
12647,Chat,0,NC
237928,Phospho1,3,HC
13026,Pcyt1a,3,HC
236899,Pcyt1b,-1,LC
108096,Slco1a5,-1,LC
20493,Slc10a1,-1,LC
20494,Slc10a2,-1,LC
27413,Abcb11,-1,LC
218865,Chdh,0,NC
12651,Chkb,3,HC
12660,Chka,1,MC
63993,Slc5a7,-1,LC
20518,Slc22a2,-1,LC
20520,Slc22a5,3,HC
54200,Sult2b1,-1,LC
59045,Stard3,3,HC
11303,Abca1,3,HC
81600,Chia1,1,MC
67729,Mansc1,3,HC
71884,Chit1,3,HC
20500,Slc13a2,-1,LC
13358,Slc25a1,3,HC
12716,Ckmt1,-1,LC
76722,Ckmt2,3,HC
12709,Ckb,3,HC
12715,Ckm,3,HC
23985,Slc26a4,-1,LC
171429,Slc26a6,0,NC
66586,Crls1,3,HC
24060,Slc35a1,3,HC
12764,Cmas,3,HC
73132,Slc25a16,3,HC
436059,Ces2h,0,NC
230027,Coq3,3,HC
217707,Coq6,3,HC
12850,Coq7,3,HC
72077,Gcnt3,-1,LC
14537,Gcnt1,3,HC
218476,Gcnt4,0,NC
272411,B3gnt6,-1,LC
102857,Slc6a8,3,HC
12908,Crat,3,HC
30805,Slc22a4,3,HC
12974,Cs,3,HC
74114,Crot,3,HC
20539,Slc7a5,3,HC
50934,Slc7a8,3,HC
12583,Cdo1,3,HC
215113,Slc43a2,3,HC
26570,Slc7a11,-1,LC
72269,Cda,-1,LC
11628,Aicda,-1,LC
80914,Uck2,3,HC
22245,Uck1,0,NC
66588,Cmpk1,3,HC
22169,Cmpk2,3,HC
320127,Dgki,1,MC
217480,Dgkb,-1,LC
104418,Dgkz,3,HC
380921,Dgkh,3,HC
110197,Dgkg,-1,LC
227333,Dgkd,0,NC
13139,Dgka,3,HC
56077,Dgke,3,HC
110524,Dgkq,-1,LC
13142,Dao,-1,LC
93692,Glrx,3,HC
69367,Glrx2,3,HC
70503,Ddo,3,HC
13177,Eci1,3,HC
23986,Eci2,3,HC
13178,Dck,3,HC
13190,Dct,-1,LC
20249,Scd1,3,HC
56473,Fads2,-1,LC
76267,Fads1,3,HC
13350,Dgat1,3,HC
67800,Dgat2,3,HC
27369,Dguok,3,HC
20527,Slc2a3,3,HC
20525,Slc2a1,3,HC
20528,Slc2a4,3,HC
74754,Dhcr24,3,HC
13122,Cyp7a1,-1,LC
13360,Dhcr7,3,HC
13244,Degs1,3,HC
70059,Degs2,-1,LC
20860,Sult1e1,3,HC
56749,Dhodh,3,HC
64705,Dpys,-1,LC
22240,Dpysl3,3,HC
12934,Dpysl2,3,HC
57274,Slc16a8,-1,LC
110196,Fdps,0,NC
74129,Dmgdh,1,MC
67283,Slc25a19,3,HC
380959,Alg10b,3,HC
68563,Dpm3,0,NC
13481,Dpm2,3,HC
13480,Dpm1,3,HC
59012,Moxd1,3,HC
13166,Dbh,3,HC
22173,Tyr,-1,LC
20538,Slc6a2,-1,LC
13162,Slc6a3,3,HC
20519,Slc22a3,3,HC
12183,Bpgm,3,HC
18648,Pgam1,0,NC
56012,Pgam2,3,HC
192156,Mvd,3,HC
232449,Dera,3,HC
99586,Dpyd,3,HC
21877,Tk1,3,HC
57813,Tk2,3,HC
110074,Dut,3,HC
16434,Itpa,3,HC
13595,Ebp,3,HC
93747,Echs1,3,HC
11992,Auh,3,HC
51798,Ech1,3,HC
74147,Ehhadh,3,HC
26458,Slc27a2,3,HC
108115,Slco4a1,3,HC
58807,Slco1c1,-1,LC
239273,Abcc4,3,HC
108116,Slco3a1,3,HC
110826,Etfb,3,HC
110842,Etfa,3,HC
66841,Etfdh,3,HC
75320,Etnk1,3,HC
214253,Etnk2,0,NC
75540,Fpgt,3,HC
435766,Tnni3k,-1,LC
74205,Acsl3,3,HC
50790,Acsl4,3,HC
14081,Acsl1,3,HC
433256,Acsl5,3,HC
328845,Acsbg2,-1,LC
216739,Acsl6,3,HC
117147,Acsm1,-1,LC
18605,Enpp1,3,HC
209558,Enpp3,3,HC
83603,Elovl4,-1,LC
170439,Elovl6,1,MC
68801,Elovl5,3,HC
54326,Elovl2,3,HC
666168,Cyp4a31,-1,LC
100040843,Cyp4a32,0,NC
13117,Cyp4a10,-1,LC
435802,Cyp4a30b,0,NC
14104,Fasn,3,HC
26457,Slc27a1,3,HC
26569,Slc27a4,3,HC
26568,Slc27a3,-1,LC
11674,Aldoa,3,HC
230163,Aldob,3,HC
11676,Aldoc,-1,LC
14121,Fbp1,-1,LC
270198,Pfkfb4,3,HC
18639,Pfkfb1,3,HC
170768,Pfkfb3,3,HC
18640,Pfkfb2,3,HC
14120,Fbp2,3,HC
14151,Fech,3,HC
107747,Aldh1l1,3,HC
73649,Cybrd1,3,HC
234730,Fcsk,3,HC
71562,Afmid,3,HC
13361,Dhfr,3,HC
14287,Fpgs,3,HC
56017,Slc2a8,3,HC
20526,Slc2a2,-1,LC
435818,Slc2a7,0,NC
56485,Slc2a5,-1,LC
216188,Aldh1l2,3,HC
270685,Mthfd1l,3,HC
108156,Mthfd1,3,HC
66848,Fuca2,3,HC
71665,Fuca1,3,HC
14085,Fah,3,HC
14194,Fh1,3,HC
14343,Fut1,-1,LC
14348,Fut9,-1,LC
57370,B4galt3,3,HC
53418,B4galt2,1,MC
14595,B4galt1,3,HC
56336,B4galt5,3,HC
14571,Gpd2,3,HC
56454,Aldh18a1,3,HC
100198,H6pd,3,HC
14381,G6pdx,3,HC
14385,Slc37a4,3,HC
14431,Gamt,3,HC
53897,Gal3st1,3,HC
19025,Ctsa,3,HC
12091,Glb1,3,HC
50917,Galns,3,HC
18010,Neu1,3,HC
14420,Galc,3,HC
14421,B4galnt1,1,MC
234356,Csgalnact1,3,HC
78752,Csgalnact2,3,HC
74241,Chpf,-1,LC
269941,Chsy1,3,HC
78923,Chsy3,3,HC
230145,Galnt12,3,HC
14423,Galnt1,3,HC
231605,Galnt9,-1,LC
14426,Galnt4,3,HC
171212,Galnt10,3,HC
271786,Galnt13,-1,LC
207839,Galnt6,-1,LC
78754,Galnt15,3,HC
241391,Galnt5,0,NC
108148,Galnt2,3,HC
108150,Galnt7,3,HC
71685,Galnt14,3,HC
231050,Galnt11,3,HC
14425,Galnt3,1,MC
170441,Slc2a10,3,HC
117592,B3galt6,3,HC
218271,B4galt7,3,HC
232714,Mgam,0,NC
14450,Gart,3,HC
11593,Aga,3,HC
14466,Gba,3,HC
227671,Gbgt1,-1,LC
104776,Aldh6a1,3,HC
214579,Aldh5a1,0,NC
434437,Amt,0,NC
104174,Gldc,-1,LC
68133,Gcsh,0,NC
14538,Gcnt2,3,HC
228368,Slc35c1,3,HC
22122,Tsta3,3,HC
14590,Ggh,0,NC
110175,Ggct,0,NC
27357,Gyg,3,HC
232493,Gys2,1,MC
14936,Gys1,3,HC
23887,Ggt5,3,HC
108037,Shmt2,3,HC
20425,Shmt1,3,HC
11605,Gla,3,HC
74185,Gbe1,3,HC
110006,Gusb,3,HC
109685,Hyal3,-1,LC
93683,Glce,3,HC
100910,Chpf2,0,NC
14042,Ext1,3,HC
14043,Ext2,3,HC
76898,B3gat1,1,MC
280645,B3gat2,0,NC
72727,B3gat3,3,HC
27419,Naglu,3,HC
64580,Ndst4,3,HC
15531,Ndst1,3,HC
83398,Ndst3,-1,LC
17423,Ndst2,3,HC
54616,Extl3,3,HC
58193,Extl2,3,HC
56219,Extl1,3,HC
117591,Slc2a9,-1,LC
353169,Slc2a12,3,HC
227659,Slc2a6,3,HC
20537,Slc5a1,-1,LC
77559,Agl,3,HC
110078,Pygb,3,HC
19309,Pygm,3,HC
110095,Pygl,3,HC
14629,Gclc,3,HC
14630,Gclm,3,HC
14661,Glud1,3,HC
14317,Ftcd,1,MC
14660,Gls,0,NC
216456,Gls2,-1,LC
71803,Slc25a18,-1,LC
68267,Slc25a22,3,HC
270076,Gcdh,3,HC
140919,Slc17a6,-1,LC
216227,Slc17a8,0,NC
72961,Slc17a7,1,MC
15112,Hao1,-1,LC
56185,Hao2,-1,LC
67092,Gatm,3,HC
76238,Grhpr,3,HC
14933,Gk,3,HC
14626,Gk2,-1,LC
14651,Hagh,3,HC
14664,Slc6a9,3,HC
110208,Pgd,3,HC
14711,Gnmt,3,HC
14732,Gpam,3,HC
70325,Pigw,0,NC
241062,Pgap1,0,NC
67556,Pigm,3,HC
72084,Pigx,3,HC
14782,Gsr,3,HC
21672,Prdx2,3,HC
18477,Prdx1,3,HC
14776,Gpx2,3,HC
14775,Gpx1,3,HC
625249,Gpx4,0,NC
14778,Gpx3,3,HC
75512,Gpx6,-1,LC
67305,Gpx7,3,HC
11757,Prdx3,3,HC
14854,Gss,3,HC
14598,Ggt1,-1,LC
234889,Gucy1a2,0,NC
54195,Gucy1b1,3,HC
230103,Npr2,3,HC
245650,Gucy2f,0,NC
14917,Gucy2c,3,HC
18160,Npr1,3,HC
14919,Gucy2e,-1,LC
60596,Gucy1a1,3,HC
14544,Gda,3,HC
12352,Car5a,-1,LC
56078,Car5b,-1,LC
27392,Pign,-1,LC
230801,Pigv,3,HC
99439,Duox1,3,HC
214593,Duox2,0,NC
11833,Aqp8,3,HC
56703,Pigo,3,HC
18701,Pigf,3,HC
433931,Pigg,0,NC
239827,Pigz,3,HC
329777,Pigk,3,HC
14731,Gpaa1,3,HC
228812,Pigu,3,HC
276846,Pigs,3,HC
78928,Pigt,3,HC
15108,Hsd17b10,3,HC
15107,Hadh,3,HC
15118,Has3,3,HC
15116,Has1,-1,LC
15117,Has2,3,HC
71883,Coq2,3,HC
20535,Slc4a2,3,HC
240215,Slc4a9,-1,LC
20533,Slc4a1,3,HC
20536,Slc4a3,3,HC
103988,Gck,3,HC
15277,Hk2,0,NC
15275,Hk1,3,HC
216019,Hkdc1,-1,LC
212032,Hk3,3,HC
15233,Hgd,-1,LC
58875,Hibadh,3,HC
15186,Hdc,3,HC
11944,Atp4a,-1,LC
11945,Atp4b,3,HC
70789,Kynu,-1,LC
208715,Hmgcs1,0,NC
15360,Hmgcs2,3,HC
15356,Hmgcl,3,HC
208982,Hmgcll1,-1,LC
15368,Hmox1,3,HC
15369,Hmox2,3,HC
56794,Hacl1,3,HC
52815,Ldhd,3,HC
27029,Sgsh,3,HC
15483,Hsd11b1,3,HC
15484,Hsd11b2,1,MC
15485,Hsd17b1,3,HC
14979,H2-Ke6,3,HC
15486,Hsd17b2,-1,LC
15490,Hsd17b7,3,HC
15497,Hsd3b6,0,NC
15492,Hsd3b1,-1,LC
15496,Hsd3b5,-1,LC
15494,Hsd3b3,1,MC
15493,Hsd3b2,-1,LC
15495,Hsd3b4,0,NC
100043456,Gm10681,0,NC
101502,Hsd3b7,3,HC
57028,Pdxp,3,HC
15929,Idh3g,3,HC
170718,Idh3b,3,HC
67834,Idh3a,3,HC
15926,Idh1,3,HC
269951,Idh2,3,HC
22018,Tpo,-1,LC
15932,Idua,3,HC
12036,Bcat2,3,HC
72401,Slc43a1,3,HC
56727,Miox,-1,LC
239606,Slc2a13,3,HC
53881,Slc5a3,-1,LC
319554,Idi1,0,NC
320581,Idi2,-1,LC
216225,Slc5a8,0,NC
56451,Suclg1,3,HC
20917,Suclg2,3,HC
20916,Sucla2,3,HC
20498,Slc12a4,3,HC
20499,Slc12a7,3,HC
107723,Slc12a6,3,HC
57138,Slc12a5,1,MC
16548,Khk,3,HC
236727,Slc9a7,0,NC
77031,Slc9a8,3,HC
98256,Kmo,3,HC
226413,Lct,-1,LC
11432,Acp2,3,HC
16816,Lcat,3,HC
171405,Slc22a27,-1,LC
207151,Slc22a19,-1,LC
236149,Slc22a26,3,HC
236293,Slc22a29,3,HC
319800,Slc22a30,0,NC
434674,Slc22a28,0,NC
327951,Cyb5d1,0,NC
64008,Aqp9,-1,LC
106648,Cyp4f15,-1,LC
16987,Lss,3,HC
18783,Pla2g4a,3,HC
12735,-,0,NC
19193,Pipox,-1,LC
16956,Lpl,3,HC
15450,Lipc,-1,LC
12613,Cel,-1,LC
116939,Pnpla3,3,HC
23945,Mgll,3,HC
237625,Pla2g3,0,NC
79235,Lrat,-1,LC
235293,Sc5d,3,HC
16993,Lta4h,3,HC
17001,Ltc4s,1,MC
66447,Mgst3,3,HC
211666,Mgst2,3,HC
14874,Gstz1,3,HC
14387,Gaa,3,HC
72039,Mccc1,3,HC
78038,Mccc2,3,HC
56690,Mlycd,3,HC
246221,Mpst,3,HC
17448,Mdh2,3,HC
17449,Mdh1,3,HC
107029,Me2,3,HC
17436,Me1,3,HC
109264,Me3,3,HC
15930,Ido1,-1,LC
13095,Cyp2c29,3,HC
13076,Cyp1a1,1,MC
13078,Cyp1b1,3,HC
13077,Cyp1a2,-1,LC
11720,Mat1a,-1,LC
108645,Mat2b,3,HC
232087,Mat2a,3,HC
238505,Mtr,3,HC
17855,Mvk,3,HC
16331,Inpp5d,3,HC
104015,Synj1,3,HC
16332,Inppl1,3,HC
170835,Inpp5j,3,HC
16330,Inpp5b,3,HC
64436,Inpp5e,3,HC
212111,Inpp5a,3,HC
16329,Inpp1,3,HC
228550,Itpka,-1,LC
233011,Itpkc,3,HC
320404,Itpkb,0,NC
71780,Isyna1,3,HC
269180,Inpp4a,-1,LC
234515,Inpp4b,-1,LC
76051,Ganc,3,HC
73724,Mcee,3,HC
17850,Mmut,3,HC
68393,Mogat1,1,MC
233549,Mogat2,-1,LC
66902,Mtap,3,HC
17768,Mthfd2,3,HC
94192,C1galt1,3,HC
11484,Aspa,3,HC
71670,Acy3,3,HC
17939,Naga,3,HC
59033,Slc4a8,-1,LC
94229,Slc4a10,-1,LC
114479,Slc5a5,-1,LC
11931,Atp1b1,3,HC
232975,Atp1a3,-1,LC
98660,Atp1a2,3,HC
67821,Atp1b4,3,HC
11933,Atp1b3,3,HC
11928,Atp1a1,3,HC
27222,Atp1a4,0,NC
11932,Atp1b2,3,HC
20544,Slc9a1,3,HC
105243,Slc9a3,0,NC
226999,Slc9a2,3,HC
338403,Cndp1,-1,LC
66054,Cndp2,3,HC
20497,Slc12a3,3,HC
238384,Slc24a4,-1,LC
94249,Slc24a3,3,HC
214111,Slc24a1,-1,LC
76376,Slc24a2,3,HC
76025,Cant1,3,HC
66422,Dctpp1,3,HC
67464,Entpd4,3,HC
100862375,Entpd4b,0,NC
21915,Dtymk,3,HC
79059,Nme3,3,HC
18103,Nme2,0,NC
18102,Nme1,3,HC
54369,Nme6,3,HC
171567,Nme7,3,HC
56520,Nme4,3,HC
58176,Rhbg,1,MC
19743,Rhag,3,HC
20495,Slc12a1,-1,LC
20496,Slc12a2,3,HC
74080,Nmnat3,3,HC
66454,Nmnat1,3,HC
226518,Nmnat2,3,HC
59027,Nampt,3,HC
18113,Nnmt,3,HC
18948,Pnmt,-1,LC
18127,Nos3,3,HC
18125,Nos1,3,HC
18126,Nos2,-1,LC
667034,Pnp2,0,NC
18950,Pnp,3,HC
20517,Slc22a1,3,HC
20445,St6galnac1,3,HC
50773,Nt5c,3,HC
18675,Phex,-1,LC
103850,Nt5m,3,HC
23959,Nt5e,3,HC
69983,Sis,0,NC
18416,Otc,-1,LC
67041,Oxct1,3,HC
353371,Oxct2b,0,NC
13171,Dbt,3,HC
12040,Bckdhb,3,HC
12039,Bckdha,3,HC
75475,Oplah,3,HC
18242,Oat,3,HC
22247,Umps,3,HC
13521,Slc26a2,3,HC
231583,Slc26a1,-1,LC
13487,Slc26a3,-1,LC
13070,Cyp11a1,-1,LC
13072,Cyp11b2,-1,LC
110115,Cyp11b1,-1,LC
13074,Cyp17a1,-1,LC
13075,Cyp19a1,-1,LC
56388,Cyp3a25,-1,LC
13113,Cyp3a13,3,HC
13114,Cyp3a16,-1,LC
337924,Cyp3a44,3,HC
13112,Cyp3a11,-1,LC
100041449,Cyp3a59,0,NC
622127,Cyp3a57,0,NC
100041375,Cyp3a41b,0,NC
13079,Cyp21a1,1,MC
104086,Cyp27a1,3,HC
13086,Cyp2a4,0,NC
13087,Cyp2a5,0,NC
72082,Cyp2c55,-1,LC
13097,Cyp2c38,-1,LC
13098,Cyp2c39,-1,LC
69888,Cyp2c66,0,NC
72303,Cyp2c65,0,NC
56448,Cyp2d22,3,HC
13107,Cyp2f2,3,HC
56050,Cyp39a1,3,HC
53973,Cyp3a41a,0,NC
13116,Cyp46a1,1,MC
64385,Cyp4f14,-1,LC
170716,Cyp4f13,3,HC
72054,Cyp4f18,3,HC
13123,Cyp7b1,-1,LC
13124,Cyp8b1,-1,LC
209027,Pycr1,0,NC
100163,Pafah2,3,HC
18475,Pafah1b2,3,HC
18476,Pafah1b3,3,HC
18472,Pafah1b1,3,HC
27226,Pla2g7,3,HC
73836,Slc35b2,3,HC
11982,Atp10a,3,HC
18806,Pld2,3,HC
18805,Pld1,3,HC
266645,Acmsd,0,NC
18563,Pcx,3,HC
18670,Abcb4,3,HC
54611,Pde3a,1,MC
18578,Pde4b,3,HC
18584,Pde8a,3,HC
18574,Pde1b,3,HC
18583,Pde7a,3,HC
110385,Pde4c,0,NC
18575,Pde1c,3,HC
238871,Pde4d,0,NC
18573,Pde1a,1,MC
18576,Pde3b,3,HC
23984,Pde10a,1,MC
18577,Pde4a,3,HC
207728,Pde2a,3,HC
29863,Pde7b,3,HC
241489,Pde11a,0,NC
218461,Pde8b,3,HC
110855,Pde6c,3,HC
18585,Pde9a,3,HC
242202,Pde5a,0,NC
225600,Pde6a,-1,LC
18587,Pde6b,1,MC
78600,Pde6h,-1,LC
18582,Pde6d,3,HC
18588,Pde6g,3,HC
18598,Pdha2,-1,LC
68263,Pdhb,3,HC
235339,Dlat,3,HC
18597,Pdha1,3,HC
103711,Pnpo,3,HC
11980,Atp8a1,3,HC
18534,Pck1,3,HC
74551,Pck2,3,HC
80911,Acox3,3,HC
68671,Pcyt2,3,HC
18618,Pemt,1,MC
236539,Phgdh,3,HC
19215,Ptgds,3,HC
54486,Hpgds,3,HC
96979,Ptges2,3,HC
64292,Ptges,-1,LC
19223,Ptgis,3,HC
66461,Ptpmt1,3,HC
74451,Pgs1,3,HC
19225,Ptgs2,-1,LC
19224,Ptgs1,3,HC
234724,Tat,-1,LC
18478,Pah,-1,LC
16922,Phyh,3,HC
19211,Pten,3,HC
20975,Synj2,3,HC
18720,Pip5k1a,3,HC
18717,Pip5k1c,3,HC
18719,Pip5k1b,3,HC
84095,Pi4k2a,3,HC
224020,Pi4ka,3,HC
107650,Pi4kb,3,HC
74769,Pik3cb,3,HC
18708,Pik3r1,3,HC
18707,Pik3cd,3,HC
18710,Pik3r3,3,HC
18709,Pik3r2,3,HC
18706,Pik3ca,0,NC
23900,Hcst,-1,LC
30955,Pik3cg,-1,LC
320207,Pik3r5,3,HC
320634,Ocrl,3,HC
18795,Plcb1,3,HC
234779,Plcg2,3,HC
269615,Plch2,-1,LC
72469,Plcd3,3,HC
114875,Plcz1,-1,LC
18802,Plcd4,3,HC
18796,Plcb2,3,HC
18803,Plcg1,0,NC
74055,Plce1,3,HC
18799,Plcd1,3,HC
18798,Plcb4,3,HC
18797,Plcb3,3,HC
227120,Plcl1,0,NC
433022,Plcxd2,3,HC
269437,Plch1,-1,LC
18711,Pikfyve,3,HC
108083,Pip4k2b,3,HC
117150,Pip4k2c,3,HC
18718,Pip4k2a,3,HC
53357,Pla2g6,3,HC
18780,Pla2g2a,3,HC
66350,Pla2g12a,3,HC
18784,Pla2g5,3,HC
26971,Pla2g2f,1,MC
211429,Pla2g4b,1,MC
329502,Pla2g4e,3,HC
18778,Pla2g1b,-1,LC
18782,Pla2g2d,-1,LC
26565,Pla2g10,3,HC
26970,Pla2g2e,-1,LC
68603,Pmvk,3,HC
271424,Ip6k3,3,HC
27399,Ip6k1,3,HC
76500,Ip6k2,3,HC
74776,Ppa2,3,HC
50784,Plpp2,3,HC
19012,Plpp1,3,HC
67916,Plpp3,3,HC
19044,Ppox,3,HC
13861,Epx,-1,LC
11758,Prdx6,3,HC
17523,Mpo,3,HC
19125,Prodh,3,HC
24059,Slco2a1,3,HC
320951,Pisd,3,HC
19210,Ptdss1,3,HC
27388,Ptdss2,3,HC
171210,Acot2,3,HC
170789,Acot8,3,HC
171282,Acot4,1,MC
19286,Pts,3,HC
20229,Sat1,0,NC
69215,Sat2,3,HC
216134,Pdxk,-1,LC
22271,Upp1,1,MC
76654,Upp2,0,NC
14863,Gstm2,3,HC
71336,Rbks,3,HC
19682,Rdh5,3,HC
54150,Rdh7,-1,LC
216453,Rdh19,0,NC
103142,Rdh9,3,HC
19683,Rdh16,-1,LC
216454,Rdh16f2,-1,LC
107605,Rdh1,-1,LC
98711,Rdh10,3,HC
108841,Rdh13,3,HC
77974,Rdh12,-1,LC
17252,Rdh11,3,HC
242285,Sdr16c5,-1,LC
105014,Rdh14,3,HC
235033,Rdh8,0,NC
69698,Slc52a3,3,HC
225994,Nmrk1,3,HC
20443,St3gal4,3,HC
20442,St3gal1,3,HC
20444,St3gal2,3,HC
338362,Ust,3,HC
23908,Hs2st1,3,HC
15931,Ids,3,HC
15476,Hs3st1,3,HC
628779,Hs3st4,0,NC
319415,Hs3st5,3,HC
195646,Hs3st2,-1,LC
15478,Hs3st3a1,3,HC
54710,Hs3st3b1,3,HC
328779,Hs3st6,-1,LC
72136,Chst14,3,HC
58250,Chst11,3,HC
71797,Chst13,-1,LC
59031,Chst12,3,HC
11881,Arsb,3,HC
56773,Chst5,3,HC
54371,Chst2,3,HC
26887,Chst4,-1,LC
76969,Chst1,3,HC
53374,Chst3,3,HC
60322,Chst7,3,HC
50787,Hs6st3,-1,LC
50785,Hs6st1,3,HC
50786,Hs6st2,3,HC
75612,Gns,3,HC
30956,Aass,-1,LC
69156,Comtd1,3,HC
140483,Hnmt,3,HC
192166,Sardh,3,HC
81535,Sgpp1,3,HC
20322,Sord,3,HC
20280,Scp2,0,NC
20540,Slc7a7,3,HC
268656,Sptlc1,3,HC
20773,Sptlc2,3,HC
228677,Sptlc3,-1,LC
13885,Esd,3,HC
20397,Sgpl1,3,HC
20454,St3gal5,3,HC
56632,Sphk2,3,HC
20698,Sphk1,3,HC
76668,Mdh1b,-1,LC
58994,Smpd3,3,HC
238011,Enpp7,0,NC
77626,Smpd4,3,HC
20597,Smpd1,3,HC
20598,Smpd2,3,HC
208449,Sgms1,3,HC
208890,Slc26a7,-1,LC
320718,Slc26a9,0,NC
224661,Slc26a8,3,HC
268512,Slc26a11,3,HC
243755,Slc13a4,1,MC
20652,Soat1,1,MC
20657,Sod3,3,HC
20656,Sod2,3,HC
20655,Sod1,3,HC
20751,Spr,3,HC
20603,Sms,3,HC
20810,Srm,3,HC
20775,Sqle,-1,LC
14137,Fdft1,3,HC
78925,Srd5a1,-1,LC
94224,Srd5a2,1,MC
11298,Aanat,1,MC
15567,Slc6a4,-1,LC
20441,St3gal3,3,HC
54613,St3gal6,3,HC
20446,St6galnac2,3,HC
20447,St6galnac3,-1,LC
50935,St6galnac6,3,HC
26938,St6galnac5,3,HC
20449,St8sia1,-1,LC
225742,St8sia5,3,HC
20905,Sts,0,NC
66945,Sdha,3,HC
66925,Sdhd,3,HC
66052,Sdhc,3,HC
67680,Sdhb,3,HC
211389,Suox,3,HC
21366,Slc6a6,3,HC
13180,Pcbd1,3,HC
18115,Nnt,3,HC
105663,Thtpa,3,HC
20502,Slc16a2,3,HC
72962,Tymp,3,HC
192289,Tmlhe,0,NC
50493,Txnrd1,3,HC
212974,Pgghg,3,HC
58866,Treh,3,HC
21990,Tph1,1,MC
216343,Tph2,1,MC
56720,Tdo2,-1,LC
209176,Ido2,-1,LC
55961,Slc13a1,-1,LC
21391,Tbxas1,3,HC
21823,Th,-1,LC
22178,Tyrp1,-1,LC
50798,Gne,3,HC
66248,Alg5,3,HC
22232,Slc35a2,3,HC
22235,Ugdh,3,HC
242585,Slc35d1,0,NC
67883,Uxs1,3,HC
18606,Enpp2,3,HC
58246,Slc35b4,3,HC
16770,Lalba,-1,LC
22234,Ugcg,3,HC
70484,Slc35d2,-1,LC
394434,Ugt1a9,0,NC
394430,Ugt1a10,0,NC
94284,Ugt1a6a,0,NC
394432,Ugt1a7c,0,NC
394435,Ugt1a6b,0,NC
394433,Ugt1a5,0,NC
22236,Ugt1a2,0,NC
394436,Ugt1a1,0,NC
243085,Ugt2b35,0,NC
231396,Ugt2b36,3,HC
22238,Ugt2b5,-1,LC
112417,Ugt2b37,-1,LC
100559,Ugt2b38,-1,LC
71773,Ugt2b1,-1,LC
100727,Ugt2b34,-1,LC
68556,Uckl1,3,HC
22436,Xdh,3,HC
102448,Xylb,-1,LC
233781,Xylt1,0,NC
217119,Xylt2,3,HC
67880,Dcxr,3,HC
76429,Lhpp,3,HC
67895,Ppa1,3,HC
76055,Oga,3,HC
12870,Cp,3,HC
14325,Ftl1,0,NC
14319,Fth1,3,HC
67634,Ftmt,-1,LC
109754,Cyb5r3,3,HC
72017,Cyb5r1,3,HC
320635,Cyb5r2,-1,LC
26462,Txnrd2,3,HC
71743,Coasy,3,HC
76952,Nt5c2,3,HC
230718,Nt5c1a,0,NC
107569,Nt5c3,3,HC
70881,Nt5c1b,-1,LC
15452,Hprt,3,HC
11821,Aprt,3,HC
52633,Nit2,3,HC
18770,Pklr,3,HC
207182,Ggt7,3,HC
71522,Ggt6,3,HC
18641,Pfkl,3,HC
107869,Cth,3,HC
14555,Gpd1,3,HC
69080,Gmppa,3,HC
331026,Gmppb,3,HC
12411,Cbs,3,HC
11647,Alpl,3,HC
19895,Rpia,3,HC
66355,Gmpr,3,HC
105446,Gmpr2,3,HC
107239,Carns1,3,HC
229363,Gmps,3,HC
70025,Acot7,3,HC
19063,Ppt1,3,HC
171281,Acot3,-1,LC
54397,Ppt2,3,HC
111175,Pecr,3,HC
26922,Mecr,3,HC
11370,Acadvl,3,HC
11363,Acadl,3,HC
235582,Glyctk,3,HC
320208,Tmem91,0,NC
223646,Naprt,3,HC
67375,Qprt,-1,LC
382985,Rrm2b,3,HC
20133,Rrm1,3,HC
20135,Rrm2,3,HC
15357,Hmgcr,3,HC
666417,Gm8091,0,NC
107885,Mthfs,0,NC
100039707,Mthfsl,0,NC
211488,Ado,3,HC
211347,Pank3,3,HC
74450,Pank2,3,HC
75735,Pank1,3,HC
269614,Pank4,3,HC
67993,Nudt12,0,NC
22117,Tst,3,HC
227095,Hibch,3,HC
69051,Pycr2,3,HC
22275,Urod,3,HC
13121,Cyp51,3,HC
433323,Sgpp2,-1,LC
20524,Slc25a17,3,HC
229782,Slc35a3,3,HC
27409,Abcg5,-1,LC
67470,Abcg8,-1,LC
237831,Slc13a5,-1,LC
223920,Soat2,-1,LC
16889,Lipa,3,HC
76459,Car12,-1,LC
12349,Car2,3,HC
230099,Car9,3,HC
23831,Car14,3,HC
12353,Car6,-1,LC
12346,Car1,3,HC
12351,Car4,3,HC
12354,Car7,3,HC
12319,Car8,3,HC
71934,Car13,-1,LC
27416,Abcc5,3,HC
18173,Slc11a1,3,HC
20504,Slc17a1,-1,LC
22782,Slc30a1,3,HC
224674,Slc37a1,3,HC
11666,Abcd1,3,HC
19299,Abcd3,3,HC
217700,Acot6,0,NC
67115,Rpl14,3,HC
94352,Loxl2,3,HC
72562,Pcbd2,3,HC
29859,Sult4a1,-1,LC
67328,Lyzl1,-1,LC
76113,Lpo,-1,LC
71147,Oxsm,3,HC
234129,Tpte,3,HC
12799,Cnp,3,HC
107146,Glyat,3,HC
13120,Cyp4b1,3,HC
13088,Cyp2b10,-1,LC
13110,Cyp2j6,3,HC
81906,Cyp4x1,0,NC
74134,Cyp2s1,-1,LC
631304,Cyp4f40,0,NC
17228,Cma1,3,HC
109697,Cpa1,-1,LC
232680,Cpa2,3,HC
329093,Cpa6,-1,LC
74649,Cpa5,-1,LC
17229,Tpsb2,3,HC
100503895,Tpsab1,0,NC
11421,Ace,3,HC
16591,Kl,-1,LC
56386,B4galt6,3,HC
22239,Ugt8a,3,HC
18746,Pkm,3,HC
18704,Pik3c2a,3,HC
240752,Pik3c2b,0,NC
18705,Pik3c2g,-1,LC
26378,Decr2,3,HC
67460,Decr1,3,HC
109857,Cbr3,3,HC
28200,Dhrs4,3,HC
320997,Cyp4f39,3,HC
13850,Ephx2,3,HC
74302,Mtmr3,3,HC
77116,Mtmr2,3,HC
14780,Gpx5,-1,LC
104245,Slc6a5,-1,LC
218756,Slc4a7,3,HC
233836,Slc5a11,3,HC
20515,Slc20a1,3,HC
20516,Slc20a2,3,HC
142681,Slc34a3,-1,LC
240332,Slc6a7,3,HC
15487,Hsd17b3,-1,LC
13167,Dbi,3,HC
26874,Abcd2,3,HC
225579,Slc27a6,0,NC
94180,Acsbg1,-1,LC
102680,Slc6a20a,-1,LC
56643,Slc15a1,-1,LC
52466,Slc46a1,3,HC
12751,Tpp1,3,HC
14080,Fabp1,3,HC
66988,Lap3,3,HC
102570,Slc22a13,-1,LC
18624,Pepd,3,HC
18174,Slc11a2,3,HC
53945,Slc40a1,3,HC
11648,Akp3,-1,LC
17769,Mthfr,3,HC
66194,Pycrl,3,HC
66171,Pgls,3,HC
226844,Flvcr1,3,HC
66646,Rpe,3,HC
108114,Slc22a7,-1,LC
18399,Slc22a6,3,HC
19879,Slc22a8,-1,LC
22598,Slc6a18,3,HC
234967,Slc36a4,0,NC
12638,Cftr,-1,LC
243328,Slc29a4,-1,LC
27404,Abca8b,3,HC
26357,Abcg2,3,HC
11828,Aqp3,3,HC
11832,Aqp7,3,HC
27410,Abca3,3,HC
11304,Abca4,3,HC
109342,Slc5a10,1,MC
230612,Slc5a9,-1,LC
246787,Slc5a2,3,HC
241612,Slc5a12,-1,LC
52710,Slc52a2,3,HC
16523,Kcnj8,3,HC
20927,Abcc8,3,HC
20928,Abcc9,3,HC
16514,Kcnj11,3,HC
19662,Rbp4,3,HC
20897,Stra6,3,HC
19659,Rbp1,3,HC
19660,Rbp2,3,HC
20778,Scarb1,3,HC
237636,Npc1l1,3,HC
15446,Hpgd,3,HC
74442,Sgms2,-1,LC
74182,Gpcpd1,3,HC
64602,Ireb2,0,NC
78801,Ak7,-1,LC
11636,Ak1,3,HC
11566,Adss,3,HC
11565,Adssl1,3,HC
114863,Plpbp,3,HC
11846,Arg1,-1,LC
12892,Cpox,3,HC
51797,Ctps,3,HC
55936,Ctps2,3,HC
14923,Guk1,3,HC
110391,Qdpr,3,HC
14593,Ggps1,3,HC
433182,Eno1b,0,NC
13806,Eno1,0,NC
13808,Eno3,3,HC
13807,Eno2,3,HC
15203,Heph,3,HC
319945,Flad1,3,HC
216558,Ugp2,3,HC
14433,Gapdh,0,NC
100042025,Gapdh-ps15,0,NC
14447,Gapdhs,-1,LC
14583,Gfpt1,3,HC
14584,Gfpt2,3,HC
14645,Glul,3,HC
266744,Lgsn,0,NC
13479,Dpep1,3,HC
218138,Gmds,3,HC
14528,Gch1,3,HC
12350,Car3,3,HC
11826,Aqp1,3,HC
11829,Aqp4,3,HC
17339,Mip,-1,LC
11827,Aqp2,1,MC
11830,Aqp5,-1,LC
15288,Hmbs,3,HC
12035,Bcat1,-1,LC
23917,Impdh1,3,HC
23918,Impdh2,0,NC
12215,Bsg,3,HC
110119,Mpi,3,HC
665563,Mthfd2l,3,HC
192185,Nadk,3,HC
110895,Slc9a4,0,NC
277973,Slc9a5,-1,LC
14751,Gpi1,3,HC
18655,Pgk1,0,NC
338366,Mia3,0,NC
18663,Pgk2,3,HC
72157,Pgm1,3,HC
66681,Pgm2,3,HC
29858,Pmm1,3,HC
54128,Pmm2,3,HC
17025,Alad,3,HC
66812,Ppcdc,3,HC
106564,Ppcs,3,HC
56189,Prodh2,-1,LC
246049,Slc36a2,3,HC
75456,Prps1l1,-1,LC
19139,Prps1,3,HC
110639,Prps2,3,HC
107272,Psat1,3,HC
100678,Psph,3,HC
54391,Rfk,3,HC
21351,Taldo1,3,HC
208967,Thnsl1,3,HC
21881,Tkt,3,HC
74419,Tktl2,-1,LC
83553,Tktl1,-1,LC
29807,Tpk1,3,HC
21991,Tpi1,3,HC
74246,Gale,-1,LC
107652,Uap1,3,HC
227620,Uap1l1,3,HC
22276,Uros,3,HC
108052,Slc14a1,1,MC
27411,Slc14a2,-1,LC
104816,Aspg,-1,LC
107476,Acaca,0,NC
78914,Nadsyn1,3,HC
11534,Adk,3,HC
69519,Rwdd2a,3,HC
75572,Acyp2,3,HC
66204,Acyp1,3,HC
245847,Amdhd2,3,HC
108147,Atic,3,HC
109900,Asl,3,HC
69634,Clybl,3,HC
67980,Gnpda2,3,HC
26384,Gnpda1,0,NC
14635,Galk1,3,HC
69976,Galk2,3,HC
14430,Galt,3,HC
231327,Ppat,3,HC
68977,Haghl,3,HC
15109,Hal,-1,LC
71761,Amdhd1,-1,LC
109801,Glo1,3,HC
55980,Impa1,3,HC
114663,Impa2,3,HC
53332,Mtmr1,3,HC
14913,Guca1a,-1,LC
18263,Odc1,3,HC
56421,Pfkp,3,HC
18642,Pfkm,3,HC
319848,Slc17a4,0,NC
105355,Slc17a3,-1,LC
218103,Slc17a2,3,HC
20505,Slc34a1,-1,LC
20531,Slc34a2,3,HC
237823,Pfas,3,HC
257635,Sdsl,-1,LC
22171,Tyms,-1,LC
243537,Uroc1,-1,LC
19703,Renbp,3,HC
320685,Dctd,3,HC
116914,Slc19a2,3,HC
269378,Ahcy,0,NC
229709,Ahcyl1,3,HC
55951,Mpc1,0,NC
70456,Mpc2,3,HC
54670,Atp8b1,3,HC
54667,Atp8b2,3,HC
50770,Atp11a,3,HC
320940,Atp11c,3,HC
18669,Abcb1b,3,HC
66834,Acot13,3,HC
22227,Ucp1,1,MC
329910,Acot11,3,HC
74104,Abcb6,3,HC
56315,Rhcg,-1,LC
12491,Cd36,3,HC
19765,Ralbp1,3,HC
18104,Nqo1,3,HC
68312,Gstm7,3,HC
171168,Acer1,-1,LC
66190,Acer3,3,HC
230379,Acer2,3,HC
19156,Psap,3,HC
14667,Gm2a,3,HC
230101,Gba2,3,HC
23956,Neu2,3,HC
50877,Neu3,3,HC
20452,St8sia4,3,HC
16890,Lipe,3,HC
16891,Lipg,-1,LC
67758,Aadac,-1,LC
269060,Dagla,0,NC
231871,Daglb,3,HC
18947,Pnliprp2,1,MC
69060,Pnlip,-1,LC
66853,Pnpla2,3,HC
67717,Lipf,-1,LC
18946,Pnliprp1,-1,LC
14077,Fabp3,0,NC
14079,Fabp2,-1,LC
12140,Fabp7,-1,LC
16592,Fabp5,0,NC
16204,Fabp6,1,MC
11770,Fabp4,3,HC
75497,Fabp12,3,HC
21884,Fabp9,-1,LC
20216,Acsm3,1,MC
233799,Acsm2,-1,LC
272428,Acsm5,-1,LC
233801,Acsm4,0,NC
67469,Abhd5,3,HC
218121,Mboat1,3,HC
225010,Lclat1,3,HC
64898,Lpin2,3,HC
235044,Plppr2,3,HC
229791,Plppr4,-1,LC
216152,Plppr3,-1,LC
64899,Lpin3,3,HC
14245,Lpin1,3,HC
71910,Plpp5,3,HC
381925,Plpp4,0,NC
28042,Selenoi,3,HC
18807,Pld3,3,HC
104759,Pld4,3,HC
194908,Pld6,-1,LC
12038,Bche,3,HC
69923,Agk,0,NC
67260,Cers4,3,HC
71949,Cers5,3,HC
76893,Cers2,3,HC
545975,Cers3,0,NC
241447,Cers6,0,NC
93898,Cers1,3,HC
54447,Asah2,3,HC
76485,Glt8d1,3,HC
68273,Pomgnt1,3,HC
66435,Uggt2,3,HC
67909,Galntl5,-1,LC
74782,Glt8d2,3,HC
56375,B4galt4,3,HC
654821,Gcnt7,-1,LC
16430,Stt3a,3,HC
320011,Uggt1,3,HC
330406,B4galnt3,0,NC
108155,Ogt,3,HC
26878,B3galt2,3,HC
97884,B3galnt2,3,HC
224143,Poglut1,3,HC
68292,Stt3b,3,HC
14422,B4galnt2,-1,LC
268510,Mgat5b,-1,LC
26877,B3galt1,3,HC
171167,Fut10,3,HC
14347,Fut7,-1,LC
330671,B4galnt4,3,HC
381694,B3glct,3,HC
208211,Alg1,3,HC
14345,Fut4,-1,LC
73068,Fut11,3,HC
71103,Glt6d1,-1,LC
67555,Mgat4d,-1,LC
97440,B3gnt9,3,HC
56356,Gltp,3,HC
238023,Hexdc,3,HC
74577,Glb1l,0,NC
20448,St6galnac4,3,HC
241159,Neu4,0,NC
14344,Fut2,3,HC
71519,Cyp2u1,3,HC
69590,Gpx8,3,HC
71854,Dpep3,3,HC
319446,Dpep2,0,NC
56351,Ptges3,3,HC
67053,Rpp14,3,HC
224024,Scarf2,3,HC
105349,Akr1c18,-1,LC
676527,Gm12248,0,NC
98386,Lbr,3,HC
17919,Myo5b,-1,LC
110611,Hdlbp,3,HC
18145,Npc1,3,HC
102294,Cyp4v3,3,HC
57357,Srd5a3,3,HC
27400,Hsd17b6,-1,LC
56348,Hsd17b12,3,HC
114664,Hsd17b11,3,HC
54325,Elovl1,3,HC
12686,Elovl3,-1,LC
74559,Elovl7,1,MC
57874,Hacd3,3,HC
67044,Higd2a,3,HC
30963,Hacd1,3,HC
66775,Hacd4,3,HC
70757,Hacd2,3,HC
106529,Tecr,3,HC
243078,Tecrl,-1,LC
328035,Fads6,0,NC
60527,Fads3,3,HC
66411,Tbcb,3,HC
214663,Slc25a29,3,HC
14187,Akr1b8,3,HC
215015,Fam20b,3,HC
238024,Fn3krp,0,NC
74035,Nol9,3,HC
63828,Fn3k,3,HC
75578,Fggy,0,NC
100503991,Acp4,0,NC
235534,Pxylp1,3,HC
101744,Acp7,3,HC
331487,Uprt,0,NC
319518,Pdpr,3,HC
18452,P4ha2,3,HC
18451,P4ha1,3,HC
320452,P4ha3,0,NC
67870,Enoph1,3,HC
104923,Adi1,3,HC
100328588,Il4i1b,0,NC
14204,Il4i1,3,HC
67712,Slc25a37,3,HC
246696,Slc25a28,3,HC
54384,Mtmr7,3,HC
75454,Phpt1,3,HC
219135,Mtmr6,3,HC
209039,Tns2,3,HC
103466,Nt5dc3,3,HC
103199,Fig4,3,HC
75769,Plppr5,1,MC
329506,Ctdspl2,3,HC
237523,Ptprq,0,NC
72102,Dusp11,3,HC
218232,Ptpdc1,3,HC
227721,Plpp7,3,HC
97287,Mtmr14,3,HC
66865,Pmpca,3,HC
101490,Inpp5f,3,HC
74411,Plpp6,3,HC
83493,Sacm1l,3,HC
67881,Mdp1,3,HC
17330,Minpp1,3,HC
217837,Itpk1,3,HC
227733,Pip5kl1,-1,LC
22262,Uox,-1,LC
241452,Dhrs9,0,NC
20148,Dhrs3,3,HC
791260,Tomt,0,NC
107585,Dio3,0,NC
13371,Dio2,-1,LC
13370,Dio1,-1,LC
56362,Sult1b1,-1,LC
69083,Sult1c2,1,MC
52064,Coq5,3,HC
69188,Kmt2e,0,NC
231051,Kmt2c,3,HC
233904,Setd1a,3,HC
20937,Suv39h1,3,HC
208266,Dot1l,3,HC
75410,Kmt2b,3,HC
107823,Nsd2,-1,LC
225888,Kmt5b,3,HC
192195,Ash1l,3,HC
214162,Kmt2a,3,HC
232811,Kmt5c,3,HC
239122,Setdb2,3,HC
208043,Setd1b,3,HC
84505,Setdb1,3,HC
73251,Setd7,3,HC
234135,Nsd3,3,HC
64707,Suv39h2,3,HC
18193,Nsd1,3,HC
381022,Kmt2d,3,HC
74729,Setmar,3,HC
77683,Ehmt1,3,HC
235626,Setd2,3,HC
67956,Kmt5a,3,HC
69726,Smyd3,3,HC
110147,Ehmt2,3,HC
69019,Spcs1,3,HC
66624,Spcs2,3,HC
76687,Spcs3,3,HC
56529,Sec11a,3,HC
66286,Sec11c,3,HC
57170,Dolpp1,3,HC
107895,Mgat5,0,NC
67569,Mgat4c,-1,LC
69675,Pxdn,0,NC
227399,Ppip5k2,3,HC
327655,Ppip5k1,3,HC
225913,Tkfc,1,MC
70974,Pgm2l1,3,HC
67935,Ces5a,0,NC
13909,Ces3b,0,NC
382053,Ces3a,0,NC
104158,Ces1d,3,HC
109791,Clps,-1,LC
67473,Slc47a1,3,HC
380701,Slc47a2,0,NC
75750,Slc10a6,3,HC
20521,Slc22a12,3,HC
235386,Hykk,-1,LC
66065,Hsd17b14,-1,LC
71412,Dhrs2,-1,LC
53415,Htatip2,3,HC
234309,Cbr4,3,HC
13016,Ctbp1,3,HC
69772,Bdh2,3,HC
70061,Sdr9c7,-1,LC
436008,Gm5737,0,NC
74032,Sdr42e1,-1,LC
80707,Wwox,3,HC
67861,Akr1b10,3,HC
320981,Enpp6,3,HC
72947,Phykpl,3,HC
76768,Alpi,-1,LC
11650,Alppl2,-1,LC
330962,Slc51b,3,HC
106407,Slc51a,-1,LC
94215,Ugt2a1,0,NC
72094,Ugt2a3,-1,LC
269823,Pon3,3,HC
22273,Uqcrc1,3,HC
66576,Uqcrh,3,HC
17711,CYTB,0,NC
66152,Uqcr10,3,HC
66594,Uqcr11,0,NC
67003,Uqcrc2,3,HC
66694,Uqcrfs1,3,HC
66445,Cyc1,3,HC
22272,Uqcrq,3,HC
67530,Uqcrb,0,NC
20523,Slc25a14,3,HC
22229,Ucp3,3,HC
22228,Ucp2,3,HC
74011,Slc25a27,3,HC
66218,Ndufb9,3,HC
226646,Ndufs2,3,HC
227197,Ndufs1,3,HC
67130,Ndufa6,3,HC
66414,Ndufa12,3,HC
66495,Ndufb3,3,HC
68194,Ndufb4,0,NC
100041273,Ndufb4c,0,NC
100042503,Ndufb4b,0,NC
407785,Ndufs6,3,HC
68197,Ndufc2,3,HC
66091,Ndufa3,3,HC
54405,Ndufa1,3,HC
75406,Ndufs7,3,HC
225887,Ndufs8,3,HC
230075,Ndufb6,3,HC
66377,Ndufc1,3,HC
67273,Ndufa10,3,HC
595136,Ndufs5,3,HC
68342,Ndufb10,3,HC
17718,ND3,0,NC
80286,Tusc3,3,HC
68349,Ndufs3,0,NC
17722,ND6,0,NC
17720,ND4L,0,NC
102631912,Ndufb1-ps,0,NC
66416,Ndufa7,3,HC
17995,Ndufv1,3,HC
68202,Ndufa5,3,HC
17719,ND4,0,NC
17992,Ndufa4,3,HC
67184,Ndufa13,3,HC
67264,Ndufb8,3,HC
66108,Ndufa9,3,HC
69875,Ndufa11,3,HC
66046,Ndufb5,3,HC
17993,Ndufs4,3,HC
66916,Ndufb7,3,HC
17717,ND2,0,NC
17991,Ndufa2,3,HC
68375,Ndufa8,3,HC
68198,Ndufb2,3,HC
17716,ND1,0,NC
78330,Ndufv3,3,HC
70316,Ndufab1,0,NC
72900,Ndufv2,3,HC
17721,ND5,0,NC
104130,Ndufb11,3,HC
12868,Cox8a,3,HC
12866,Cox7a2,3,HC
12859,Cox5b,3,HC
12857,Cox4i1,3,HC
75483,Cox8c,-1,LC
20463,Cox7a2l,3,HC
12867,Cox7c,0,NC
17708,COX1,0,NC
66142,Cox7b,0,NC
12862,Cox6a2,3,HC
12864,Cox6c,3,HC
17709,COX2,0,NC
12858,Cox5a,3,HC
333182,Cox6b2,3,HC
17710,COX3,0,NC
78174,Cox7b2,-1,LC
12865,Cox7a1,3,HC
110323,Cox6b1,3,HC
84682,Cox4i2,-1,LC
12861,Cox6a1,3,HC
268756,Gulo,-1,LC
58865,Tdh,0,NC
11950,Atp5pb,3,HC
11951,Atp5g1,3,HC
11957,Atp5j,3,HC
11958,Atp5k,3,HC
18195,Nsf,3,HC
27425,Atp5l,0,NC
57423,Atp5j2,3,HC
71679,Atp5h,0,NC
228033,Atp5g3,3,HC
67942,Atp5g2,0,NC
11946,Atp5a1,3,HC
11947,Atp5b,3,HC
11949,Atp5c1,0,NC
66043,Atp5d,3,HC
67126,Atp5e,3,HC
68055,Dmac2l,3,HC
28080,Atp5o,3,HC
26464,Vnn3,3,HC
22361,Vnn1,3,HC
225326,Pik3c3,3,HC
67292,Pigc,3,HC
56176,Pigp,3,HC
110417,Pigh,3,HC
18700,Piga,3,HC
14755,Pigq,3,HC
140494,Atp6v0a4,-1,LC
114143,Atp6v0b,3,HC
11984,Atp6v0c,0,NC
11974,Atp6v0e,3,HC
242341,Atp6v0d2,-1,LC
11972,Atp6v0d1,3,HC
11975,Atp6v0a1,3,HC
27060,Tcirg1,3,HC
21871,Atp6v0a2,3,HC
73834,Atp6v1d,3,HC
66144,Atp6v1f,3,HC
11973,Atp6v1e1,3,HC
68775,Atp6v1c2,-1,LC
11964,Atp6v1a,3,HC
108664,Atp6v1h,3,HC
66290,Atp6v1g1,0,NC
11966,Atp6v1b2,3,HC
338375,Atp6v1g3,0,NC
110935,Atp6v1b1,-1,LC
74915,Atp6v1e2,3,HC
66237,Atp6v1g2,3,HC
66335,Atp6v1c1,3,HC
